{
  "collapse-filter": false,
  "search": "",
  "showTags": false,
  "showAttachments": false,
  "hideUnresolved": false,
  "showOrphans": true,
  "collapse-color-groups": false,
  "colorGroups": [
    {
      "query": "#h1",
      "color": {
        "a": 1,
        "rgb": 16734464
      }
    },
    {
      "query": "#h2",
      "color": {
        "a": 1,
        "rgb": 25343
      }
    }
  ],
  "collapse-display": false,
  "showArrow": false,
  "textFadeMultiplier": 0,
  "nodeSizeMultiplier": 1,
  "lineSizeMultiplier": 1,
  "collapse-forces": false,
  "centerStrength": 0.286458333333333,
  "repelStrength": 15.625,
  "linkStrength": 1,
  "linkDistance": 128,
  "scale": 0.7132754626224498,
  "close": false
}