{
  "main": {
    "id": "379fba69bd5fad77",
    "type": "split",
    "children": [
      {
        "id": "ba9292cbc7da6451",
        "type": "tabs",
        "children": [
          {
            "id": "f6708ef531ab95ce",
            "type": "leaf",
            "state": {
              "type": "diff-view",
              "state": {
                "file": "Estudo da Amazon AWS/Amazon AWS.md",
                "staged": false,
                "hash": "f9726a648692396e6b5347860f8278203d73540e"
              }
            }
          }
        ]
      }
    ],
    "direction": "vertical"
  },
  "left": {
    "id": "78dcd7457cee3028",
    "type": "split",
    "children": [
      {
        "id": "d40d271ab3eefe31",
        "type": "tabs",
        "children": [
          {
            "id": "eaf231ae6971c327",
            "type": "leaf",
            "state": {
              "type": "file-explorer",
              "state": {
                "sortOrder": "alphabetical"
              }
            }
          },
          {
            "id": "27227a7d91eb386d",
            "type": "leaf",
            "state": {
              "type": "search",
              "state": {
                "query": " ",
                "matchingCase": false,
                "explainSearch": false,
                "collapseAll": false,
                "extraContext": false,
                "sortOrder": "alphabetical"
              }
            }
          },
          {
            "id": "99d2532d49584510",
            "type": "leaf",
            "state": {
              "type": "bookmarks",
              "state": {}
            }
          }
        ]
      }
    ],
    "direction": "horizontal",
    "width": 226.5
  },
  "right": {
    "id": "9fc0b4ae98de2cab",
    "type": "split",
    "children": [
      {
        "id": "e55a2c1f27ebdee9",
        "type": "tabs",
        "children": [
          {
            "id": "02e527e55b5a7712",
            "type": "leaf",
            "state": {
              "type": "backlink",
              "state": {
                "collapseAll": false,
                "extraContext": false,
                "sortOrder": "alphabetical",
                "showSearch": false,
                "searchQuery": "",
                "backlinkCollapsed": false,
                "unlinkedCollapsed": true
              }
            }
          },
          {
            "id": "01a928a9c9793ac7",
            "type": "leaf",
            "state": {
              "type": "outgoing-link",
              "state": {
                "linksCollapsed": false,
                "unlinkedCollapsed": true
              }
            }
          },
          {
            "id": "506f569bf226f5ae",
            "type": "leaf",
            "state": {
              "type": "tag",
              "state": {
                "sortOrder": "frequency",
                "useHierarchy": true
              }
            }
          },
          {
            "id": "9d18afaa2358b5f5",
            "type": "leaf",
            "state": {
              "type": "outline",
              "state": {}
            }
          }
        ],
        "currentTab": 1
      }
    ],
    "direction": "horizontal",
    "width": 300,
    "collapsed": true
  },
  "left-ribbon": {
    "hiddenItems": {
      "switcher:Abrir a troca rápida": false,
      "graph:Abrir visualização em gráfico": false,
      "canvas:Criar novo canvas": false,
      "daily-notes:Abrir a nota de hoje": false,
      "templates:Inserir modelo": false,
      "command-palette:Abrir paleta de comandos": false
    }
  },
  "active": "f6708ef531ab95ce",
  "lastOpenFiles": [
    "Hypervisor.md",
    "Escalabilidade, Elasticidade e Alta Disponibilidade.md",
    "AWS Certified Cloud Practitioner.md",
    "AWS Acceptable Use Policy.md",
    "Amazon AWS.md",
    "Computação na nuvem.md",
    "Imagens/Pasted image 20230813233650.png",
    "Imagens/Pasted image 20230813230332.png",
    "Sem título.canvas",
    "Sem título 2.canvas",
    "Sem título 1.canvas",
    "OPEX.md",
    "2023-08-14.md",
    "Planos do AWS Support.md",
    "Serverless.md",
    "Modelos de computação.md",
    "Imagens",
    "Modelos de implantação.md",
    "Seis vantagens da computação na nuvem.md",
    "As diferenças entre CAPEX e OPEX.md",
    "CAPEX.md"
  ]
}